CREATE DATABASE IF NOT EXISTS `pedidos` DEFAULT CHARACTER SET latin1 COLLATE latin1_swedish_ci;
USE `pedidos`;

-- --------------------------------------------------------

--
-- Estructura de tabla para la tabla `categoria`
--

CREATE TABLE `categoria` (
  `CodCat` int(11) NOT NULL,
  `Nombre` varchar(45) NOT NULL,
  `Descripcion` varchar(200) NOT NULL
) ENGINE=InnoDB DEFAULT CHARSET=latin1;

--
-- Volcado de datos para la tabla `categoria`
--

INSERT INTO `categoria` (`CodCat`, `Nombre`, `Descripcion`) VALUES
(1, 'Comida', 'Platos e ingredientes'),
(2, 'Bedidas sin', 'Bebidas sin alcohol'),
(3, 'Bebidas con', 'Bebidas con alcohol');

-- --------------------------------------------------------

--
-- Estructura de tabla para la tabla `pedidos`
--

CREATE TABLE `pedidos` (
  `CodPed` int(11) NOT NULL,
  `Fecha` datetime NOT NULL,
  `Enviado` int(11) NOT NULL,
  `Restaurante` int(11) NOT NULL
) ENGINE=InnoDB DEFAULT CHARSET=latin1;

--
-- Volcado de datos para la tabla `pedidos`
--

INSERT INTO `pedidos` (`CodPed`, `Fecha`, `Enviado`, `Restaurante`) VALUES
(2, '2020-01-20 09:00:47', 0, 2),
(3, '2020-01-20 09:01:44', 0, 2),
(4, '2020-01-20 09:03:51', 0, 2);

-- --------------------------------------------------------

--
-- Estructura de tabla para la tabla `pedidosproductos`
--

CREATE TABLE `pedidosproductos` (
  `CodPredProd` int(11) NOT NULL,
  `CodPed` int(11) NOT NULL,
  `CodProd` int(11) NOT NULL,
  `Unidades` int(11) NOT NULL
) ENGINE=InnoDB DEFAULT CHARSET=latin1;

--
-- Volcado de datos para la tabla `pedidosproductos`
--

INSERT INTO `pedidosproductos` (`CodPredProd`, `CodPed`, `CodProd`, `Unidades`) VALUES
(2, 2, 6, 4),
(3, 3, 6, 4),
(4, 4, 6, 8),
(5, 4, 4, 22),
(6, 4, 3, 206);

-- --------------------------------------------------------

--
-- Estructura de tabla para la tabla `productos`
--

CREATE TABLE `productos` (
  `CodProd` int(11) NOT NULL,
  `Nombre` varchar(45) DEFAULT NULL,
  `Descripcion` varchar(90) NOT NULL,
  `Peso` float NOT NULL,
  `Stock` int(11) NOT NULL,
  `CodCat` int(11) NOT NULL
) ENGINE=InnoDB DEFAULT CHARSET=latin1;

--
-- Volcado de datos para la tabla `productos`
--

INSERT INTO `productos` (`CodProd`, `Nombre`, `Descripcion`, `Peso`, `Stock`, `CodCat`) VALUES
(1, 'Harina', '8 paquetes de 1kg de harina cada uno', 8, 100, 1),
(2, 'Azúcar', '20 paquetes de 1kg cada uno', 20, 3, 1),
(3, 'Agua 0.5', '100 botellas de 0.5 litros cada una', 51, 100, 2),
(4, 'Agua 1.5', '20 botellas de 1.5 litros cada una', 31, 50, 2),
(5, 'Cerveza Alhambra tercio', '24 botellas de 33cl', 10, 0, 3),
(6, 'Vino tinto Rioja 0.75', '6 botellas de 0.75 ', 5.5, 10, 3),
(7, 'Sal', '10 paquetes de 1kg de sal cada uno', 10, 200, 1),
(8, 'Vino blanco Albariño 0.75', '5 botellas de 0.75 ', 5.5, 20, 3),
(9, 'Leche ', '12 bricks de 1 litro de leche cada una', 12.5, 70, 2);

-- --------------------------------------------------------

--
-- Estructura de tabla para la tabla `restaurantes`
--

CREATE TABLE `restaurantes` (
  `CodRes` int(11) NOT NULL,
  `Correo` varchar(90) NOT NULL,
  `Clave` varchar(255) NOT NULL,
  `Pais` varchar(45) NOT NULL,
  `CP` int(5) DEFAULT NULL,
  `Ciudad` varchar(45) NOT NULL,
  `Direccion` varchar(200) NOT NULL
) ENGINE=InnoDB DEFAULT CHARSET=latin1;

--
-- Volcado de datos para la tabla `restaurantes`
--

INSERT INTO `restaurantes` (`CodRes`, `Correo`, `Clave`, `Pais`, `CP`, `Ciudad`, `Direccion`) VALUES
(1, 'madrid1@empresa.com', '$2y$10$YPGSbEjQFYvtvFHD0cuFx.GtnIV.WrTpzqAMnliI59hd3O/qFIdma', 'España', 28002, 'Madrid', 'C/ Padre  Claret, 8'),
(2, 'cursoPHP2021@gmail.com', '$2y$10$YPGSbEjQFYvtvFHD0cuFx.GtnIV.WrTpzqAMnliI59hd3O/qFIdma', 'España', 11001, 'Vigo', 'C/ Urzáiz, 2 ');

--
-- Índices para tablas volcadas
--

--
-- Indices de la tabla `categoria`
--
ALTER TABLE `categoria`
  ADD PRIMARY KEY (`CodCat`),
  ADD UNIQUE KEY `UN_NOM_CAT` (`Nombre`);

--
-- Indices de la tabla `pedidos`
--
ALTER TABLE `pedidos`
  ADD PRIMARY KEY (`CodPed`),
  ADD KEY `Restaurante` (`Restaurante`);

--
-- Indices de la tabla `pedidosproductos`
--
ALTER TABLE `pedidosproductos`
  ADD PRIMARY KEY (`CodPredProd`),
  ADD KEY `CodPed` (`CodPed`),
  ADD KEY `CodProd` (`CodProd`);

--
-- Indices de la tabla `productos`
--
ALTER TABLE `productos`
  ADD PRIMARY KEY (`CodProd`),
  ADD KEY `CodCat` (`CodCat`);

--
-- Indices de la tabla `restaurantes`
--
ALTER TABLE `restaurantes`
  ADD PRIMARY KEY (`CodRes`),
  ADD UNIQUE KEY `UN_RES_COR` (`Correo`);

--
-- AUTO_INCREMENT de las tablas volcadas
--

--
-- AUTO_INCREMENT de la tabla `categoria`
--
ALTER TABLE `categoria`
  MODIFY `CodCat` int(11) NOT NULL AUTO_INCREMENT, AUTO_INCREMENT=4;

--
-- AUTO_INCREMENT de la tabla `pedidos`
--
ALTER TABLE `pedidos`
  MODIFY `CodPed` int(11) NOT NULL AUTO_INCREMENT, AUTO_INCREMENT=5;

--
-- AUTO_INCREMENT de la tabla `pedidosproductos`
--
ALTER TABLE `pedidosproductos`
  MODIFY `CodPredProd` int(11) NOT NULL AUTO_INCREMENT, AUTO_INCREMENT=7;

--
-- AUTO_INCREMENT de la tabla `productos`
--
ALTER TABLE `productos`
  MODIFY `CodProd` int(11) NOT NULL AUTO_INCREMENT, AUTO_INCREMENT=10;

--
-- AUTO_INCREMENT de la tabla `restaurantes`
--
ALTER TABLE `restaurantes`
  MODIFY `CodRes` int(11) NOT NULL AUTO_INCREMENT, AUTO_INCREMENT=3;

--
-- Restricciones para tablas volcadas
--

--
-- Filtros para la tabla `pedidos`
--
ALTER TABLE `pedidos`
  ADD CONSTRAINT `pedidos_ibfk_1` FOREIGN KEY (`Restaurante`) REFERENCES `restaurantes` (`CodRes`);

--
-- Filtros para la tabla `pedidosproductos`
--
ALTER TABLE `pedidosproductos`
  ADD CONSTRAINT `pedidosproductos_ibfk_1` FOREIGN KEY (`CodPed`) REFERENCES `pedidos` (`CodPed`),
  ADD CONSTRAINT `pedidosproductos_ibfk_2` FOREIGN KEY (`CodProd`) REFERENCES `productos` (`CodProd`);

--
-- Filtros para la tabla `productos`
--
ALTER TABLE `productos`
  ADD CONSTRAINT `productos_ibfk_1` FOREIGN KEY (`CodCat`) REFERENCES `categoria` (`CodCat`);
COMMIT;
